id;merknaam;logo1;CMP;logo_cmp_campagnolo.png2;Ayacucho;Logo_Ayacucho.png3;Brian and Nephew;logo_BandN.png4;Petit Louie;petit_louie.png5;Long Island;longislands.png6;Dakine;dakine.png7;Cortina;cortina_1.png8;Jack Wolfskin;jackwolfskin.jpg9;Eider;eider.jpg10;Merrell;merrell.png11;The North Face;Logo-North-face.png12;Samsonite;Samsonite_Logo_NUOVO.jpg13;Sprayway;Sprayway-LOGO.png14;Bergans;Bergans_logo.png15;Bynolyt;bynolyt.png16;Black diamond;blackdiamond.png17;Petzl;Petzl-Logo.png18;Garmin;garmin.png19;Millet;millet-logo-primary.png20;Didriksons 1913;Didriksons1913-logo.png21;Nordisk;nordisk.jpg22;Osprey;logoosprey.png23;Icebreaker;icebreakerlogo.jpg24;Columbia;columbia.png25;Timberland;timberland.jpg26;Outdoor Research;OR_Logo_Wordmark_rev.jpg27;Camelbak;camelbak-logo-730x288.jpg28;Ichi;Ichi2.png29;CKS;cks.png30;Sinner;sinner.png31;Sirius;sirius-logo.jpg32;Lomography;lomo-logo.png33;Signum;signum-logo.png34;Dstrezzed;DS_LOGO_ANNO2012z_NEG1.png35;Jack & Jones;JackJoneslogoblack-redConverted.png36;King Louie;King-Louie.jpg37;Only;only.jpg38;Haglofs;jl353_haglofs_logo.jpg39;Fatboy;fatboy_logo.png40;Outwell;outwell.jpg41;Yaya;YAYA-LOGO-pewter140.jpg42;Lotusgrill;lotus_grill.jpg43;Suck UK;lg_suckuk2.jpg44;Esschert;esschert.jpg45;Xtorm;logo-xtorm.jpg46;Coureur du monde;cdm_logo.jpg47;Davanti;LogoZwartDavantiBikewear.jpg48;De marchi;De_Marchi_new_logo.png49;Maloja;Maloja.jpg50;Gentleman's Hardware;GENTLEMEN_S_HARDWARE_BANNER_1024x1024.jpg51;Brooks;Brooks-Logo.jpg52;Craft;craft-logo-300x79.jpg53;Gore Bike Wear;a6d73b9a42544224fe23e2305c351099.jpg54;Nike;nike.png55;Cube;2000px-Cube_Logo.svg.jpg56;New Balance;new_balance_logo_30005.jpg57;Adidas;adidas.jpg58;Nathan;Nathan.jpg59;Tomtom;tomtom-logo.jpg60;Azuri;azuri.jpg61;Black Eye;blackeya_LOGO.jpg62;Coleman;logo_coleman.jpg63;GOPRO;gopro_logo.jpg64;Eagle Creak;Logo_Eagle_Creek.jpg65;Outdoor Tech;outdoortech_logo.jpg66;Terre Bleue;terre_bleue_logo.jpg67;Luckies;luckies_web.jpg68;Amazonas;amazonas_logo.jpg69;Deuter;deuter_logo.jpg70;Care Plus;careplus_logo.jpg71;Varta;varta_logo.jpg72;Led lenser;ledlenser_logo.jpg73;Rumbl;rumbl_logo.jpg74;Lingadore;lingadore_logo.jpg75;Molo Kids;molokids_logo.jpg76;Name It;nameit_logo.jpg77;Julbo;julbo_logo.jpg78;Speedo;speedo_logo.jpg79;Quut;quut_logo.jpg80;Havaianas;havaianas_logo.jpg81;Reef;reef_logo.jpg82;Crocs;crocs_logo.jpg83;Ipanema;ipanema_logo.jpg84;Rider;rider_logo.jpg85;Barts;barts_logo.jpg86;J&J Tech;j_j_tech_logo.jpg87;Protest;protest_logo.jpg88;Nivea;nivea_logo.jpg89;Vaude;vaude_logo.jpg90;UAX;uax_logo.jpg91;Patagonia;patagonia_logo.jpg92;Royal Robins;royalrobins_logo.jpg93;Teva;teva_logo.jpg94;Overstims;overstims_logo.jpg95;Sea To Summit;seatosummit_logo_jpg96;Kite optics;kiteoptics_logo.jpg97;Suunto;suunto_logo.jpg98;Abus;abus_logo.jpg99;Dahon;dahon_logo.jpg100;Casco;casco_logo.jpg101;Batavus;batavus_logo.jpg102;Clarijs;clarijs_logo.jpg103;LiIx;liix_logo.jpg104;Odlo;odlo_logo.jpg105;Camel active;camelactive_logo.jpg106;Lalay;lalay_logo_jpg